date,event,market,odds,prob,result,closing_odds
2024-01-01,TeamA vs TeamK,HT 0:0 (RPL),1.97,0.47,1,1.91
2024-02-02,TeamB vs TeamL,HT 0:0 (Ligue1),2.2,0.49,1,2.25
2024-03-03,TeamC vs TeamM,HT 0:0 (SerieB),2.21,0.42,0,2.14
2024-04-04,TeamD vs TeamN,HT 0:0 (Bundesliga),2.84,0.34,0,2.85
2024-05-05,TeamE vs TeamO,HT 0:0 (RPL),2.78,0.38,1,2.82
2024-06-06,TeamF vs TeamP,HT 0:0 (Ligue1),2.12,0.51,1,2.07
2024-07-07,TeamG vs TeamQ,HT 0:0 (SerieB),1.85,0.54,1,1.77
2024-08-08,TeamH vs TeamR,HT 0:0 (Bundesliga),2.04,0.52,0,2.07
2024-09-09,TeamI vs TeamS,HT 0:0 (RPL),2.54,0.45,0,2.49
2024-01-10,TeamJ vs TeamT,HT 0:0 (Ligue1),2.08,0.51,0,2.12
2024-02-11,TeamA vs TeamK,HT 0:0 (SerieB),1.9,0.49,1,1.84
2024-03-12,TeamB vs TeamL,HT 0:0 (Bundesliga),2.78,0.35,1,2.66
2024-04-13,TeamC vs TeamM,HT 0:0 (RPL),2.14,0.47,1,2.1
2024-05-14,TeamD vs TeamN,HT 0:0 (Ligue1),2.91,0.39,0,2.92
2024-06-15,TeamE vs TeamO,HT 0:0 (SerieB),2.94,0.37,0,2.83
2024-07-16,TeamF vs TeamP,HT 0:0 (Bundesliga),1.94,0.55,0,1.93
2024-08-17,TeamG vs TeamQ,HT 0:0 (RPL),2.11,0.52,1,2.04
2024-09-18,TeamH vs TeamR,HT 0:0 (Ligue1),2.45,0.4,0,2.37
2024-01-19,TeamI vs TeamS,HT 0:0 (SerieB),1.91,0.52,1,1.91
2024-02-20,TeamJ vs TeamT,HT 0:0 (Bundesliga),1.93,0.53,1,1.87
2024-03-21,TeamA vs TeamK,HT 0:0 (RPL),2.18,0.45,0,2.17
2024-04-22,TeamB vs TeamL,HT 0:0 (Ligue1),2.31,0.42,0,2.38
2024-05-23,TeamC vs TeamM,HT 0:0 (SerieB),2.66,0.35,0,2.55
2024-06-24,TeamD vs TeamN,HT 0:0 (Bundesliga),2.03,0.5,1,1.94
2024-07-25,TeamE vs TeamO,HT 0:0 (RPL),1.89,0.55,0,1.94
2024-08-26,TeamF vs TeamP,HT 0:0 (Ligue1),3.29,0.33,0,3.3
2024-09-27,TeamG vs TeamQ,HT 0:0 (SerieB),2.74,0.39,0,2.63
2024-01-01,TeamH vs TeamR,HT 0:0 (Bundesliga),2.65,0.43,1,2.7
2024-02-02,TeamI vs TeamS,HT 0:0 (RPL),2.18,0.44,0,2.23
2024-03-03,TeamJ vs TeamT,HT 0:0 (Ligue1),2.67,0.4,1,2.67
2024-04-04,TeamA vs TeamK,HT 0:0 (SerieB),2.09,0.5,0,2.12
2024-05-05,TeamB vs TeamL,HT 0:0 (Bundesliga),3.01,0.33,0,2.86
2024-06-06,TeamC vs TeamM,HT 0:0 (RPL),2.14,0.52,1,2.09
2024-07-07,TeamD vs TeamN,HT 0:0 (Ligue1),2.19,0.52,1,2.1
2024-08-08,TeamE vs TeamO,HT 0:0 (SerieB),3.13,0.35,1,3.17
2024-09-09,TeamF vs TeamP,HT 0:0 (Bundesliga),2.43,0.43,0,2.36
2024-01-10,TeamG vs TeamQ,HT 0:0 (RPL),2.31,0.42,0,2.29
2024-02-11,TeamH vs TeamR,HT 0:0 (Ligue1),2.68,0.37,0,2.76
2024-03-12,TeamI vs TeamS,HT 0:0 (SerieB),2.42,0.43,1,2.32
2024-04-13,TeamJ vs TeamT,HT 0:0 (Bundesliga),2.64,0.4,1,2.56
2024-05-14,TeamA vs TeamK,HT 0:0 (RPL),3.04,0.35,0,2.94
2024-06-15,TeamB vs TeamL,HT 0:0 (Ligue1),1.8,0.52,0,1.74
2024-07-16,TeamC vs TeamM,HT 0:0 (SerieB),2.5,0.38,0,2.56
2024-08-17,TeamD vs TeamN,HT 0:0 (Bundesliga),2.56,0.43,1,2.6
2024-09-18,TeamE vs TeamO,HT 0:0 (RPL),2.91,0.35,0,2.86
2024-01-19,TeamF vs TeamP,HT 0:0 (Ligue1),2.19,0.49,1,2.25
2024-02-20,TeamG vs TeamQ,HT 0:0 (SerieB),2.38,0.42,1,2.43
2024-03-21,TeamH vs TeamR,HT 0:0 (Bundesliga),2.77,0.37,1,2.72
2024-04-22,TeamI vs TeamS,HT 0:0 (RPL),2.98,0.38,0,2.94
2024-05-23,TeamJ vs TeamT,HT 0:0 (Ligue1),2.07,0.45,0,2.13
2024-06-24,TeamA vs TeamK,HT 0:0 (SerieB),2.1,0.54,1,2.14
2024-07-25,TeamB vs TeamL,HT 0:0 (Bundesliga),2.2,0.44,1,2.16
2024-08-26,TeamC vs TeamM,HT 0:0 (RPL),2.8,0.41,0,2.72
2024-09-27,TeamD vs TeamN,HT 0:0 (Ligue1),2.37,0.43,0,2.43
2024-01-01,TeamE vs TeamO,HT 0:0 (SerieB),2.41,0.45,1,2.32
2024-02-02,TeamF vs TeamP,HT 0:0 (Bundesliga),1.95,0.54,0,1.94
2024-03-03,TeamG vs TeamQ,HT 0:0 (RPL),3.1,0.34,0,3.07
2024-04-04,TeamH vs TeamR,HT 0:0 (Ligue1),3.17,0.36,1,3.03
2024-05-05,TeamI vs TeamS,HT 0:0 (SerieB),2.34,0.46,1,2.27
2024-06-06,TeamJ vs TeamT,HT 0:0 (Bundesliga),1.84,0.53,0,1.84
