id,date,sport_key,event,home_team,away_team,market,selection,odds,prob,closing_odds,status,result
1,2026-10-02,,Тиен Л. vs Гуркач Х. (ATP500 Пекин),,,"RETRO: П2 Гуркач, live 3-й сет 1:1",,2.45,0.43,,settled,1
2,2026-10-04,tennis_atp_china_open,Alexander Zverev vs Novak Djokovic,Alexander Zverev,Novak Djokovic,h2h,Novak Djokovic,3.55,0.2961373390557939,,pending,
4,2026-10-15,soccer_uefa_europa_conference_league,Sint Truiden vs FC Iberia 1999,Sint Truiden,FC Iberia 1999,h2h,FC Iberia 1999,8.0,0.1444614804171048,,pending,
6,2026-10-15,soccer_uefa_europa_conference_league,Atalanta BC vs Pafos FC,Atalanta BC,Pafos FC,h2h,Pafos FC,6.79,0.16509098609871575,,pending,
7,2026-10-11,soccer_france_ligue_one,Rennes vs Auxerre,Rennes,Auxerre,h2h,Auxerre,7.5,0.14877194557029413,,pending,
8,2026-10-15,soccer_uefa_europa_conference_league,SC Freiburg vs FK Jablonec,SC Freiburg,FK Jablonec,h2h,Draw,5.5,0.20059955033724705,,pending,
9,2026-10-10,soccer_england_league1,Leicester City vs Peterborough United,Leicester City,Peterborough United,h2h,Peterborough United,5.5,0.20006567047574297,,pending,
10,2026-10-15,soccer_uefa_europa_conference_league,Atalanta BC vs Pafos FC,Atalanta BC,Pafos FC,h2h,Draw,5.0,0.2198641637295981,,pending,
11,2026-10-10,soccer_germany_bundesliga,TSG Hoffenheim vs Hamburger SV,TSG Hoffenheim,Hamburger SV,h2h,Draw,5.5,0.1978426895520038,,pending,
12,2026-10-09,soccer_germany_bundesliga2,1. FC Heidenheim vs 1. FC Kaiserslautern,1. FC Heidenheim,1. FC Kaiserslautern,h2h,Draw,3.86,0.2791855082546223,,pending,
13,2026-10-09,soccer_germany_bundesliga,Borussia Dortmund vs Werder Bremen,Borussia Dortmund,Werder Bremen,h2h,Werder Bremen,7.7,0.13970885305360606,,pending,
14,2026-10-10,soccer_france_ligue_one,Lille vs Le Havre,Lille,Le Havre,h2h,Le Havre,7.5,0.14294556611527057,,pending,
15,2026-10-15,soccer_uefa_europa_conference_league,SC Freiburg vs FK Jablonec,SC Freiburg,FK Jablonec,h2h,FK Jablonec,7.5,0.14289283037721706,,pending,
16,2026-10-19,soccer_spain_la_liga,Getafe vs Rayo Vallecano,Getafe,Rayo Vallecano,h2h,Rayo Vallecano,2.88,0.37209776147829243,,pending,
17,2026-10-15,soccer_uefa_europa_conference_league,PFC CSKA Sofia vs AS Monaco,PFC CSKA Sofia,AS Monaco,h2h,PFC CSKA Sofia,6.1,0.17507323324789456,,pending,
18,2026-10-10,soccer_italy_serie_a,Napoli vs Frosinone,Napoli,Frosinone,h2h,Frosinone,7.2,0.1481733550472764,,pending,
19,2026-10-05,soccer_uefa_nations_league,Italy vs Turkey,Italy,Turkey,h2h,Turkey,7.0,0.15209892094054234,,pending,
20,2026-10-15,soccer_uefa_europa_conference_league,Gent vs AGF Aarhus,Gent,AGF Aarhus,h2h,AGF Aarhus,4.9,0.2172040266100857,,pending,
21,2026-10-15,soccer_uefa_europa_conference_league,Mjällby AIF vs Inter Club d'Escaldes,Mjällby AIF,Inter Club d'Escaldes,h2h,Draw,5.5,0.1914266043276747,,pending,
22,2026-10-11,soccer_germany_bundesliga,SC Freiburg vs FC Schalke 04,SC Freiburg,FC Schalke 04,h2h,Draw,4.35,0.24124950522242777,,pending,
23,2026-10-10,soccer_netherlands_eredivisie,Fortuna Sittard vs FC Twente Enschede,Fortuna Sittard,FC Twente Enschede,h2h,Fortuna Sittard,6.75,0.15535347845330544,,pending,
24,2026-10-15,soccer_uefa_europa_conference_league,Sint Truiden vs FC Iberia 1999,Sint Truiden,FC Iberia 1999,h2h,Draw,5.0,0.20874507316994853,,pending,
25,2026-10-10,soccer_usa_mls,Philadelphia Union vs Real Salt Lake,Philadelphia Union,Real Salt Lake,h2h,Real Salt Lake,6.8,0.15341882818515234,,pending,
26,2026-10-13,soccer_uefa_champs_league,Galatasaray vs Barcelona,Galatasaray,Barcelona,h2h,Galatasaray,8.0,0.12998062400635932,,pending,
27,2026-10-18,soccer_epl,Nottingham Forest vs Arsenal,Nottingham Forest,Arsenal,h2h,Draw,4.1,0.25340097687912827,,pending,
28,2026-10-10,soccer_france_ligue_one,Lorient vs Paris FC,Lorient,Paris FC,h2h,Draw,3.55,0.2918893795026726,,pending,
29,2026-10-19,soccer_epl,Tottenham Hotspur vs Coventry City,Tottenham Hotspur,Coventry City,h2h,Coventry City,6.4,0.16189482173778968,,pending,
30,2026-10-18,soccer_epl,Brighton and Hove Albion vs Crystal Palace,Brighton and Hove Albion,Crystal Palace,h2h,Crystal Palace,5.5,0.18822932521562658,,pending,
31,2026-10-18,soccer_france_ligue_one,Paris FC vs Rennes,Paris FC,Rennes,h2h,Draw,3.5,0.29480136494111825,,pending,
32,2026-10-09,soccer_france_ligue_one,RC Lens vs Lyon,RC Lens,Lyon,h2h,Lyon,2.9,0.35548648577716624,,pending,
